the,1288,
to,1057,
and,809,
of,635,
a,623,
you,468,
in,410,
is,335,
that,304,
i,289,
for,280,
it,253,
with,249,
or,245,
on,229,
this,222,
we,221,
s,218,
your,201,
as,176,
from,170,
information,160,
will,158,
are,156,
not,151,
by,141,
be,140,
at,135,
have,133,
plndr,120,
can,116,
my,107,
t,102,
an,97,
if,95,
when,93,
our,92,
use,91,
so,90,
more,83,
but,81,
do,78,
any,77,
about,77,
her,74,
new,71,
us,69,
may,69,
time,68,
their,68,
has,67,
also,67,
was,66,
one,64,
all,64,
get,63,
how,62,
they,62,
business,56,
what,55,
data,53,
privacy,53,
its,51,
up,51,
out,48,
there,47,
email,47,
he,47,
me,46,
make,46,
she,46,
like,46,
which,45,
service,44,
just,44,
some,44,
social,43,
first,43,
volt,43,
other,43,
been,42,
such,42,
identifiable,42,
sims,42,
only,41,
who,41,
com,40,
no,40,
need,40,
personally,39,
work,39,
his,39,
over,38,
would,37,
next,37,
website,36,
policy,36,
using,36,
into,36,
provide,35,
order,35,
life,35,
right,35,
most,35,
while,35,
site,35,
personal,34,
product,34,
internet,34,
products,34,
third,33,
content,33,
see,33,
them,32,
wholesale,32,
said,31,
ll,31,
book,31,
page,31,
each,30,
year,30,
these,30,
store,30,
after,29,
don,29,
now,29,
were,29,
day,29,
ibm,28,
than,28,
take,28,
am,28,
help,28,
communications,28,
users,28,
app,28,
customer,28,
own,28,
much,27,
security,27,
cookies,27,
number,27,
create,27,
party,27,
here,26,
then,26,
suppliers,26,
story,26,
user,26,
online,25,
services,25,
does,25,
shipping,25,
offer,24,
company,24,
sex,24,
because,24,
even,23,
want,23,
before,23,
free,23,
had,23,
years,23,
name,23,
track,23,
where,23,
many,23,
through,23,
since,23,
mobile,23,
bookmarks,23,
able,23,
should,23,
changes,22,
wwe,22,
love,22,
last,22,
receive,22,
contact,22,
well,22,
change,21,
heart,21,
those,21,
account,21,
novel,21,
main,20,
id,20,
www,20,
two,20,
support,20,
way,20,
making,20,
friend,20,
performance,20,
around,20,
intel,20,
very,20,
session,20,
send,20,
off,20,
terms,19,
people,19,
address,19,
title,19,
money,19,
code,19,
video,19,
ve,19,
never,18,
purchase,18,
browser,18,
form,18,
going,18,
same,18,
always,18,
once,18,
find,18,
course,18,
web,18,
keep,17,
used,17,
little,17,
scenes,17,
ebay,17,
air,17,
following,17,
views,17,
being,17,
websites,17,
him,17,
please,17,
questions,17,
uc,17,
tax,17,
purposes,17,
home,17,
every,16,
m,16,
best,16,
marketing,16,
down,16,
husband,16,
model,16,
certain,16,
share,16,
available,16,
cloud,16,
go,16,
view,16,
under,15,
supplier,15,
ever,15,
end,15,
law,15,
re,15,
features,15,
too,15,
previous,15,
billion,15,
sale,15,
notice,15,
via,15,
really,15,
part,15,
plan,15,
both,15,
point,15,
back,15,
click,15,
add,15,
companies,14,
things,14,
checkout,14,
between,14,
come,14,
without,14,
read,14,
found,14,
relationship,14,
rules,14,
body,14,
let,14,
great,14,
control,14,
process,14,
including,14,
ship,14,
secure,13,
give,13,
enter,13,
better,13,
another,13,
however,13,
country,13,
easy,13,
thing,13,
think,13,
reading,13,
good,13,
different,13,
update,13,
gimmick,13,
important,13,
selling,13,
orders,13,
play,13,
aircraft,13,
world,13,
bit,13,
link,13,
age,13,
access,13,
links,13,
cringeworthy,13,
request,13,
means,13,
value,13,
whether,13,
financial,12,
co-branded,12,
contests,12,
bookmark,12,
show,12,
sites,12,
technology,12,
html,12,
tracking,12,
start,12,
valid,12,
month,12,
hard,12,
sell,12,
simple,12,
surveys,12,
recent,12,
customers,12,
become,12,
doesn,12,
required,12,
started,12,
related,12,
books,12,
know,12,
made,12,
macalister,12,
analytics,11,
future,11,
ii,11,
client,11,
super,11,
extra,11,
looking,11,
comes,11,
power,11,
enough,11,
longer,11,
list,11,
kalisto,11,
takes,11,
might,11,
idea,11,
dropshipping,11,
community,11,
big,11,
within,11,
called,11,
having,11,
few,11,
collection,11,
could,11,
man,11,
offers,11,
drop,11,
stories,11,
enjoy,10,
must,10,
created,10,
away,10,
processing,10,
market,10,
working,10,
today,10,
platform,10,
place,10,
fcc,10,
author,10,
file,10,
towel,10,
server,10,
provides,10,
controller,10,
woman,10,
small,10,
section,10,
public,10,
learn,10,
weight,10,
cookie,10,
pretty,10,
during,10,
set,10,
pm,10,
lives,10,
look,10,
google,10,
per,10,
long,10,
fee,10,
providers,10,
something,10,
powerful,10,
system,10,
device,10,
text,10,
taking,10,
latest,10,
friends,10,
therefore,9,
aware,9,
hot,9,
writing,9,
subject,9,
left,9,
type,9,
digital,9,
finally,9,
leave,9,
international,9,
parties,9,
didn,9,
computer,9,
across,9,
myself,9,
telephone,9,
legal,9,
industry,9,
allows,9,
action,9,
family,9,
actually,9,
easily,9,
house,9,
currently,9,
foreign,9,
connection,9,
fun,9,
real,9,
classics,9,
far,9,
include,9,
facebook,9,
makes,9,
apply,9,
south,9,
why,9,
password,9,
warmer,9,
software,9,
percent,9,
updates,8,
net,8,
items,8,
tell,8,
rights,8,
days,8,
mind,8,
submit,8,
news,8,
debt,8,
three,8,
quickly,8,
yes,8,
character,8,
understand,8,
check,8,
tip,8,
together,8,
organizations,8,
ensure,8,
date,8,
increase,8,
profit,8,
card,8,
wholesalers,8,
yourself,8,
open,8,
white,8,
outside,8,
according,8,
enable,8,
blog,8,
act,8,
bond,8,
sales,8,
storage,8,
assets,8,
full,8,
advertising,8,
register,8,
event,8,
isps,8,
put,8,
feel,8,
option,8,
close,8,
flight,8,
gay,8,
person,8,
registered,8,
sent,8,
entire,8,
try,8,
manage,8,
watch,8,
looks,8,
material,8,
times,8,
abuse,8,
management,8,
loved,8,
bring,8,
legitimate,8,
creating,8,
buy,8,
delivery,8,
below,8,
leaders,7,
likely,7,
hero,7,
protection,7,
watchers,7,
credit,7,
description,7,
attempt,7,
easier,7,
inventory,7,
series,7,
encourage,7,
reader,7,
isn,7,
took,7,
participate,7,
earn,7,
respond,7,
protect,7,
bathroom,7,
enterprises,7,
deal,7,
collect,7,
until,7,
nxt,7,
upper,7,
healthy,7,
live,7,
cannot,7,
talk,7,
still,7,
et,7,
girl,7,
quite,7,
origin,7,
say,7,
behind,7,
inside,7,
hope,7,
daily,7,
buying,7,
again,7,
wife,7,
securely,7,
study,7,
past,7,
experience,7,
ask,7,
charge,7,
partner,7,
pay,7,
systems,7,
someone,7,
members,7,
done,7,
wrote,7,
practices,7,
recently,7,
ready,7,
entry,7,
tablet,7,
d,7,
often,7,
delivered,7,
run,7,
neutrality,7,
clips,7,
functionality,7,
fulfill,7,
high,7,
tag,7,
instead,7,
scene,7,
exactly,7,
inform,7,
partners,7,
otherwise,7,
almost,7,
hybrid,7,
ads,7,
getting,7,
copy,6,
solution,6,
phones,6,
virtualization,6,
affiliated,6,
room,6,
config,6,
president,6,
framework,6,
turning,6,
project,6,
though,6,
availability,6,
amazon,6,
layout,6,
method,6,
decided,6,
yet,6,
approach,6,
commission,6,
interest,6,
applies,6,
nike,6,
specific,6,
creative,6,
costs,6,
automatically,6,
offering,6,
models,6,
faster,6,
advantage,6,
team,6,
quick,6,
says,6,
cost,6,
women,6,
massage,6,
fuck,6,
group,6,
amazing,6,
ea,6,
intended,6,
receiving,6,
state,6,
demographic,6,
city,6,
require,6,
investors,6,
pages,6,
average,6,
later,6,
nearly,6,
federal,6,
among,6,
color,6,
everyday,6,
week,6,
speed,6,
association,6,
image,6,
lot,6,
trying,6,
included,6,
premium,6,
difference,6,
modify,6,
search,6,
known,6,
huge,6,
response,6,
short,6,
playing,6,
top,6,
return,6,
participants,6,
beginning,6,
major,6,
notify,6,
marriage,6,
built,6,
sometimes,6,
technical,6,
believe,6,
generally,6,
movie,6,
won,6,
opt-out,6,
c,6,
whole,6,
simply,6,
prices,6,
higher,6,
arrives,6,
early,6,
bonds,6,
elect,6,
game,6,
line,6,
young,6,
transmission,6,
button,6,
capital,6,
reserves,6,
stock,6,
doing,6,
disclose,6,
trends,6,
quality,6,
herself,6,
referral,6,
complete,6,
url,6,
gather,6,
knowledge,6,
local,6,
ends,6,
ability,6,
black-and-red,6,
proposal,6,
finished,6,
member,6,
http,6,
details,6,
works,6,
twitter,6,
platforms,6,
leader,6,
basis,6,
collected,6,
eat,6,
contest,6,
consider,5,
instructor,5,
announced,5,
conduct,5,
blocking,5,
lost,5,
blind,5,
weeks,5,
rental,5,
mean,5,
rb,5,
standard,5,
needed,5,
listen,5,
least,5,
modern,5,
luxury,5,
bse,5,
special,5,
came,5,
solutions,5,
h,5,
inappropriate,5,
basic,5,
worked,5,
cum,5,
characters,5,
opportunity,5,
identify,5,
adding,5,
advanced,5,
old,5,
dead,5,
purple,5,
months,5,
TRUE,5,
test,5,
choice,5,
level,5,
did,5,
shares,5,
goes,5,
along,5,
wait,5,
cases,5,
allowed,5,
applications,5,
living,5,
shows,5,
variables,5,
client-side,5,
given,5,
anyone,5,
season,5,
note,5,
pain,5,
roster,5,
professional,5,
black,5,
sport,5,
emotional,5,
period,5,
mark,5,
declaration,5,
superstar,5,
trip,5,
third-party,5,
rose,5,
retailers,5,
communicate,5,
manufacturer,5,
develops,5,
road,5,
tight,5,
includes,5,
overseas,5,
large,5,
cash,5,
further,5,
investment,5,
states,5,
court,5,
rather,5,
coming,5,
trade,5,
held,5,
romance,5,
style,5,
food,5,
fully,5,
emotionally,5,
safety,5,
differ,5,
benefits,5,
statement,5,
listed,5,
kind,5,
uncomfortable,5,
build,5,
less,5,
boost,5,
x,5,
probably,5,
due,5,
lived,5,
fire,5,
employees,5,
database,5,
source,5,
popular,5,
added,5,
pricing,5,
continuing,5,
completing,5,
analyze,5,
uk,5,
similar,5,
application,5,
ago,5,
e,5,
issues,5,
kit,5,
index,5,
gathered,5,
highly,5,
others,5,
names,5,
tools,5,
zip,5,
pieces,5,
move,5,
galaxy,5,
perfect,5,
willing,5,
registration,5,
red,5,
release,5,
area,5,
owned,5,
collaboration,5,
connected,5,
face,5,
fact,5,
taxes,5,
limit,5,
career,5,
earning,5,
difficult,5,
moments,5,
wet,5,
tests,5,
success,5,
poor,5,
happens,5,
avoid,5,
prohibited,5,
introduced,5,
pussy,5,
additional,5,
biggest,5,
gain,5,
display,5,
functions,5,
repeat,5,
star,5,
stay,5,
limited,4,
four,4,
relationships,4,
whose,4,
teaching,4,
affirm,4,
disc,4,
japanese,4,
military,4,
missing,4,
replace,4,
setup,4,
mesh,4,
clients,4,
vary,4,
break,4,
side,4,
message,4,
processor,4,
creates,4,
spinach,4,
al-eila,4,
begins,4,
feeling,4,
seen,4,
seem,4,
contain,4,
camp,4,
points,4,
saying,4,
beaten,4,
implementation,4,
supplies,4,
ban,4,
component,4,
retirement,4,
trust,4,
several,4,
photo,4,
year-old,4,
human,4,
desire,4,
gift,4,
tracked,4,
comments,4,
everything,4,
expires,4,
payment,4,
devices,4,
drive,4,
interested,4,
role,4,
real-time,4,
llc,4,
word,4,
standards,4,
p,4,
sign,4,
usually,4,
flexibility,4,
visit,4,
properties,4,
loving,4,
winter,4,
discussion,4,
guarantee,4,
messaging,4,
goal,4,
explicit,4,
displayed,4,
tablets,4,
forms,4,
smarter,4,
domain,4,
challenges,4,
pills,4,
space,4,
scarred,4,
care,4,
couldn,4,
directly,4,
necessarily,4,
gives,4,
mostly,4,
quick-build,4,
files,4,
head,4,
recover,4,
heal,4,
sure,4,
especially,4,
fifth,4,
leather,4,
collects,4,
review,4,
benchmarks,4,
article,4,
cities,4,
combined,4,
wants,4,
measured,4,
media,4,
actions,4,
lets,4,
postal,4,
either,4,
exit,4,
provider,4,
refer,4,
favorite,4,
determine,4,
fast,4,
technologies,4,
requested,4,
students,4,
invest,4,
directory,4,
follow,4,
shattered,4,
referring,4,
focus,4,
got,4,
design,4,
policies,4,
operating,4,
strong,4,
ahead,4,
contains,4,
taken,4,
flat,4,
strategies,4,
purchases,4,
reflect,4,
overnight,4,
soon,4,
call,4,
late,4,
wouldn,4,
advertisers,4,
base,4,
afobos,4,
scheme,4,
hotel,4,
clear,4,
consult,4,
penalty,4,
template,4,
rest,4,
remove,4,
stored,4,
recommendations,4,
individual,4,
heading,4,
sole,4,
license,4,
solely,4,
sensitive,4,
brick,4,
demand,4,
handling,4,
judicial,4,
shirt,4,
survey,4,
buybacks,4,
responsible,4,
location,4,
vendor,4,
absolutely,4,
broadband,4,
benefit,4,
anything,4,
forward,4,
posted,4,
nice,4,
reportedly,4,
provided,4,
mongodb,4,
visits,4,
vice,4,
fresh,4,
results,4,
download,4,
leaving,4,
private,4,
figure,4,
majority,4,
effectively,4,
serial,4,
perjury,4,
men,4,
cruise,4,
write,4,
choose,4,
greater,4,
pools,4,
hilarious,4,
supports,4,
leaves,4,
retail,4,
enforcement,4,
submitted,4,
clip,4,
supported,4,
based,4,
employee,4,
familiar,4,
stuff,4,
written,4,
agencies,4,
job,4,
table,4,
second,4,
addition,4,
controlled,4,
dropshippers,4,
parts,4,
largest,4,
gets,4,
practice,4,
frequently,4,
increases,4,
immediately,4,
loss,4,
actual,4,
function,4,
minutes,4,
sexually,4,
happen,4,
rule,4,
investigation,3,
void,3,
bringing,3,
cause,3,
enhance,3,
commented,3,
absolute,3,
deemed,3,
studio,3,
kidz,3,
parents,3,
music,3,
recommend,3,
award,3,
warm,3,
adult,3,
hold,3,
join,3,
example,3,
transition,3,
indicated,3,
unforgettable,3,
recovery,3,
verify,3,
feature,3,
types,3,
appreciate,3,
shorter,3,
overcome,3,
combination,3,
safe,3,
basics,3,
therapy,3,
notified,3,
went,3,
logo,3,
network,3,
restricted,3,
size,3,
wanted,3,
isp,3,
speeds,3,
already,3,
webxprt,3,
comic,3,
engagement,3,
tom,3,
happily,3,
target,3,
acquisition,3,
promotions,3,
webcam,3,
released,3,
emailing,3,
enterprise,3,
reserve,3,
ending,3,
rich,3,
stores,3,
tips,3,
bad,3,
victim,3,
testing,3,
transferred,3,
lots,3,
nature,3,
providing,3,
met,3,
games,3,
distinction,3,
requests,3,
offerings,3,
billing,3,
expected,3,
board,3,
families,3,
quantities,3,
child,3,
weren,3,
property,3,
ip,3,
perform,3,
couple,3,
entitled,3,
pick,3,
workforce,3,
afraid,3,
corporate,3,
opinions,3,
protocol,3,
buyers,3,
agile,3,
opt,3,
possible,3,
unique,3,
dreams,3,
appearing,3,
localhost,3,
post,3,
permitted,3,
proceed,3,
case,3,
plus,3,
efforts,3,
statements,3,
presence,3,
cloud-based,3,
stuck,3,
colorway,3,
becoming,3,
notifications,3,
safeguard,3,
analyst,3,
maximum,3,
delete,3,
encrypt,3,
welcome,3,
utilities,3,
typically,3,
doctor,3,
certainly,3,
countdown,3,
advised,3,
trouble,3,
posts,3,
guy,3,
revolution,3,
discover,3,
current,3,
alone,3,
boy,3,
weird,3,
marked,3,
prove,3,
suggestions,3,
acceptable,3,
effort,3,
behalf,3,
insights,3,
originally,3,
values,3,
sense,3,
offense,3,
requirements,3,
heroes,3,
remember,3,
st,3,
switch,3,
coaching,3,
mail,3,
nod,3,
administer,3,
workload,3,
entirely,3,
correct,3,
cart,3,
language,3,
footwear,3,
routes,3,
suspend,3,
striking,3,
question,3,
personalities,3,
returns,3,
ownership,3,
butt,3,
effective,3,
non-members,3,
silhouette,3,
instructed,3,
knew,3,
visitors,3,
considered,3,
ways,3,
slow,3,
breadcrumbs,3,
deployments,3,
equipped,3,
mission,3,
ssl,3,
conjunction,3,
gem,3,
regarding,3,
yield,3,
morning,3,
bought,3,
vrikolakas,3,
physically,3,
stylist,3,
voluntary,3,
older,3,
region,3,
expression,3,
cancel,3,
save,3,
direction,3,
pilot,3,
eiu,3,
single,3,
transactions,3,
ein,3,
movements,3,
develop,3,
constructed,3,
events,3,
generated,3,
components,3,
effects,3,
seems,3,
reggae,3,
respect,3,
felt,3,
leadership,3,
nothing,3,
communication,3,
log,3,
aren,3,
hey,3,
low,3,
shower,3,
embedded,3,
connect,3,
film,3,
teeth,3,
starting,3,
original,3,
represent,3,
forget,3,
sms,3,
decisions,3,
spirit,3,
program,3,
assist,3,
smartphones,3,
decide,3,
welcoming,3,
cable,3,
pack,3,
workloads,3,
rate,3,
putting,3,
consumers,3,
version,3,
certificates,3,
expiration,3,
publisher,3,
authorize,3,
layer,3,
select,3,
warmlyyours,3,
commercially,3,
helped,3,
none,3,
postings,3,
resources,3,
minimum,3,
purchased,3,
occasionally,3,
refuse,3,
pleasure,3,
inquiries,3,
planning,3,
lateral,3,
communities,3,
bigger,3,
everyone,3,
extended,3,
expect,3,
beyond,3,
research,3,
shipment,3,
jobber,3,
reason,3,
launch,3,
excluding,3,
prevent,3,
utilized,3,
jurisdiction,3,
toward,3,
businesses,3,
fine,3,
networks,3,
merger,3,
permission,3,
closely,3,
restart,3,
rumored,3,
art,3,
sportswear,3,
threats,3,
various,3,
sold,3,
suede,3,
focused,3,
decline,3,
stamp,3,
priced,3,
straight,3,
guide,3,
development,3,
husbands,3,
uses,3,
task,3,
proven,3,
tables,3,
record-keeping,3,
accepted,3,
signals,3,
unlimited,3,
matters,3,
foreigners,3,
continue,3,
global,3,
newsletter,3,
sources,3,
step,3,
retailer,3,
controllers,3,
sections,3,
spousal,3,
elements,3,
allowing,3,
clickstream,3,
topic,3,
helps,3,
discretion,3,
continues,3,
telling,3,
positions,3,
maintain,3,
picked,3,
giving,3,
vampire,3,
anywhere,3,
degree,3,
explore,3,
opinion,3,
addresses,3,
remains,3,
sort,3,
prizes,3,
baby,3,
challenge,3,
voice,3,
six,3,
winners,3,
unites,3,
automatically-collected,3,
re-sell,3,
server-side,3,
physical,3,
light,3,
lines,3,
produced,3,
emails,3,
criminal,3,
defining,3,
hate,3,
hands,3,
strive,3,
countries,3,
identifies,3,
dropshipper,3,
diseases,3,
owner,3,
peters,3,
reference,3,
final,3,
shell,3,
completed,3,
unsubscribe,3,
loves,3,
clearly,3,
viewed,3,
persistence,3,
worldwide,3,
lectures,3,
disease,3,
deactivate,3,
violation,3,
kits,3,
debate,3,
highest,3,
earned,3,
credited,3,
controls,3,
entities,3,
meant,3,
words,3,
wish,3,
taxed,3,
non-personally,3,
closet,3,
placed,3,
precious,3,
thank,3,
etc,3,
tell-a-friend,3,
rates,3,
username,3,
bulk,3,
improved,3,
choices,3,
simpoints,3,
began,3,
responses,3,
reporting,3,
upon,3,
automation,3,
transaction,3,
center,3,
reside,3,
domestic,3,
field,3,
capabilities,3,
adoption,3,
usage,3,
embossed,3,
five,3,
necessary,3,
payments,3,
lose,3,
heel,3,
authority,3,
hair,3,
e-mail,3,
although,3,
socket,3,
processors,3,
apps,3,
describes,3,
distribution,3,
detail,3,
contacting,3,
else,3,
portion,3,
sleep,2,
hanging,2,
endings,2,
collaborate,2,
risk,2,
sellers,2,
replaces,2,
affect,2,
internally,2,
skills,2,
conceive,2,
suctioned,2,
triumph,2,
preacher,2,
fabulous,2,
borrowings,2,
established,2,
consisting,2,
seeks,2,
reported,2,
possibility,2,
non-taxable,2,
forum,2,
changed,2,
approaches,2,
browsing,2,
adopting,2,
kindhearted,2,
unit,2,
hospital,2,
brings,2,
hereby,2,
md,2,
install,2,
concepts,2,
experts,2,
fortress,2,
machine,2,
pizza,2,
confirmed,2,
wrong,2,
lucrative,2,
expatriates,2,
childhood,2,
operations,2,
innovative,2,
rewarded,2,
encounter,2,
finish,2,
wholeheartedly,2,
reasonable,2,
tried,2,
surprise,2,
carried,2,
starts,2,
outfits,2,
shipped,2,
moving,2,
purpose,2,
wasn,2,
percentage,2,
ranging,2,
murder,2,
kept,2,
downtime,2,
keyword,2,
matter,2,
powers,2,
fashion,2,
abstracting,2,
dildo,2,
regulate,2,
seek,2,
tells,2,
relatively,2,
nipples,2,
thoroughly,2,
depiction,2,
panties,2,
blue,2,
mother,2,
letter,2,
laughing,2,
mushy,2,
entertaining,2,
consumer,2,
yen,2,
accelerate,2,
warmers,2,
preferred,2,
report,2,
fields,2,
movement,2,
steal,2,
result,2,
fail,2,
mum,2,
sorts,2,
unfold,2,
upfront,2,
templates,2,
players,2,
urls,2,
tons,2,
towels,2,
path,2,
tint,2,
flexible,2,
deeper,2,
seven,2,
played,2,
player,2,
liveability,2,
im,2,
trusted,2,
damaged,2,
split,2,
meets,2,
evil,2,
groundbreaking,2,
whichever,2,
savings,2,
greatest,2,
purchasing,2,
swears,2,
spread,2,
prison,2,
cultural,2,
unnecessary,2,
officer,2,
night,2,
hard-hitting,2,
clubs,2,
multiple,2,
pixel,2,
securities,2,
asking,2,
yields,2,
beating,2,
holiday,2,
protagonist,2,
chapter,2,
islands,2,
raised,2,
publishing,2,
bound,2,
wrap,2,
methods,2,
flying,2,
legislation,2,
fight,2,
editions,2,
happy,2,
portions,2,
prioritization,2,
adopt,2,
exist,2,
portrayed,2,
stake,2,
til,2,
diet,2,
journey,2,
sql,2,
authorities,2,
globalpost,2,
moved,2,
affidavit,2,
spanked,2,
profits,2,
concept,2,
marital,2,
souls,2,
integration,2,
competition,2,
fairy-tale,2,
xprt,2,
cool,2,
turns,2,
eating,2,
adds,2,
dropship,2,
falling,2,
filled,2,
jury,2,
understanding,2,
water,2,
all-out,2,
tasks,2,
fake,2,
forefront,2,
troops,2,
sake,2,
readers,2,
iphone,2,
thru,2,
prep,2,
teased,2,
sessions,2,
clicking,2,
tandem,2,
everywhere,2,
pushed,2,
thousands,2,
reviews,2,
stroke,2,
watching,2,
sworn,2,
deteriorate,2,
membership,2,
designed,2,
truly,2,
grow,2,
whenever,2,
block,2,
shoes,2,
lsa,2,
brain,2,
panacea,2,
constitutes,2,
areas,2,
developments,2,
term,2,
establishing,2,
realistic,2,
rock,2,
en,2,
significantly,2,
hiccups,2,
accomplish,2,
opened,2,
middleman,2,
seriously,2,
orm,2,
complicated,2,
orb,2,
training,2,
xa,2,
specifically,2,
array,2,
raped,2,
tomorrow,2,
mindfulness,2,
voices,2,
buried,2,
saw,2,
aside,2,
wonder,2,
surf,2,
begin,2,
price,2,
paid,2,
falls,2,
sheets,2,
pair,2,
coveted,2,
surprising,2,
pursuant,2,
southwestern,2,
telecom,2,
dreaded,2,
reveals,2,
existence,2,
calendar,2,
label,2,
yesterday,2,
infrastructure,2,
parental,2,
spare,2,
analyzed,2,
afterwards,2,
coma,2,
associated,2,
billionaires,2,
work-outs,2,
photos,2,
webapp,2,
paying,2,
warning,2,
ongoing,2,
situation,2,
awakened,2,
cock,2,
driver,2,
running,2,
changing,2,
charges,2,
announcement,2,
excuses,2,
except,2,
pill,2,
scheduled,2,
audience,2,
images,2,
critical,2,
dancehall,2,
sixth,2,
package,2,
midnight,2,
greatly,2,
os,2,
route,2,
coupon,2,
documentation,2,
hes,2,
meals,2,
manager,2,
recommends,2,
jug,2,
utilizing,2,
abused,2,
nairobimonday,2,
taste,2,
moves,2,
regardless,2,
hardware,2,
calls,2,
lack,2,
dollar,2,
ts,2,
th,2,
health,2,
enjoying,2,
worse,2,
mph,2,
pass,2,
anniversary,2,
learned,2,
tattoos,2,
tags,2,
hours,2,
published,2,
deals,2,
extinction,2,
environment,2,
spiritually,2,
injury,2,
markets,2,
teen,2,
door,2,
knows,2,
chucks,2,
hour,2,
veterans,2,
minds,2,
male,2,
compare,2,
embarrassing,2,
phrase,2,
sci-fi,2,
comfort,2,
earnings,2,
plans,2,
advice,2,
adventure,2,
numb,2,
resemble,2,
fundamental,2,
dream,2,
developed,2,
artwork,2,
committed,2,
travelling,2,
propose,2,
instructions,2,
swept-back,2,
heavy,2,
status,2,
generation,2,
police,2,
silky,2,
wondered,2,
generate,2,
driven,2,
fees,2,
regulation,2,
endearing,2,
immediate,2,
doctors,2,
double,2,
seamlessly,2,
substantial,2,
ratings,2,
couch,2,
wwsponsored,2,
rent,2,
death,2,
serve,2,
measures,2,
virus,2,
experiences,2,
alpha,2,
extremely,2,
sg,2,
traditional,2,
charged,2,
perseverance,2,
uniform,2,
completion,2,
ruin,2,
self-deprecating,2,
gallery,2,
scars,2,
common,2,
doting,2,
fans,2,
numerous,2,
multi-task,2,
two-place,2,
load,2,
sweet,2,
dancer,2,
adaptation,2,
throughout,2,
raise,2,
strategy,2,
pc,2,
damn,2,
audiobook,2,
meeting,2,
empty,2,
gal,2,
budget,2,
pace,2,
evaluating,2,
crowd,2,
shorten,2,
textile,2,
widely,2,
moment,2,
benchmarkxprt,2,
press,2,
advertisements,2,
crying,2,
input,2,
showing,2,
wings,2,
signal,2,
ignore,2,
sight,2,
scale,2,
connecting,2,
innovation,2,
confidence,2,
feelings,2,
goods,2,
usa,2,
range,2,
sponsored,2,
appropriate,2,
statistics,2,
governed,2,
douse,2,
t-shirt,2,
library,2,
episode,2,
mindful,2,
recommendation,2,
dod,2,
chat,2,
income,2,
pronouns,2,
prepared,2,
meaning,2,
land,2,
weightwatchers,2,
dvd,2,
maturities,2,
requires,2,
software-based,2,
loyalty,2,
tweeted,2,
mosque,2,
masculine,2,
continued,2,
magic,2,
real-estate,2,
race,2,
compensated,2,
jump,2,
enclosed,2,
odd,2,
exercise,2,
impact,2,
commercial,2,
growing,2,
airasia,2,
involved,2,
engine,2,
maker,2,
named,2,
failed,2,
snacks,2,
themselves,2,
upcoming,2,
ok,2,
potential,2,
dropped,2,
cardiovascular,2,
villain,2,
agility,2,
hesitate,2,
sit,2,
tickling,2,
located,2,
testimony,2,
airfoil,2,
allow,2,
e-submit,2,
contemplated,2,
guess,2,
investor,2,
staying,2,
margins,2,
sexual,2,
disney-marvel,2,
proficient,2,
spot,2,
completely,2,
regulatory,2,
g,2,
determining,2,
brides,2,
strategic,2,
lol,2,
detailing,2,
adopted,2,
gear,2,
lists,2,
haven,2,
descriptions,2,
FALSE,2,
borrowing,2,
turn,2,
mix,2,
brand,2,
agenda,2,
freestanding,2,
deploy,2,
al-nur,2,
near,2,
son,2,
achieve,2,
insight,2,
handle,2,
stars,2,
married,2,
teams,2,
adult-oriented,2,
bright-line,2,
knowing,2,
humans,2,
officials,2,
packed,2,
closer,2,
puts,2,
horrible,2,
superior,2,
deliver,2,
key,2,
demonstrate,2,
instant,2,
admit,2,
passing,2,
safely,2,
comment,2,
shoving,2,
environments,2,
protective,2,
improve,2,
league,2,
psychotherapist,2,
present,2,
plain,2,
examine,2,
stuffing,2,
demo,2,
captivated,2,
incredible,2,
thought,2,
command,2,
position,2,
zu-hub,2,
keeping,2,
rooms,2,
tattoed,2,
reasons,2,
nor,2,
increased,2,
provisions,2,
government,2,
deployment,2,
safest,2,
ups,2,
searching,2,
immortal,2,
overhead,2,
hose,2,
pressure,2,
artiste,2,
commitment,2,
weather,2,
tiny,2,
utility,2,
eulas,2,
networking,2,
building,2,
neutral,2,
record,2,
piece,2,
shannon,2,
incredibly,2,
class,2,
chance,2,
bullish,2,
compete,2,
retirees,2,
valve,1,
outlining,1,
client-server-sharing,1,
demanded,1,
writings,1,
controversial,1,
integrity,1,
calculate,1,
remiss,1,
spec,1,
mistakes,1,
worth,1,
updated,1,
rise,1,
lecture,1,
seals,1,
vast,1,
school,1,
aes-ni,1,
prize,1,
prepending,1,
paperback,1,
force,1,
concise,1,
lgbt,1,
tactile,1,
spouses,1,
wreck,1,
solemn,1,
saved,1,
selected,1,
fingers,1,
spokesman,1,
unreality,1,
establishes,1,
undisputed,1,
told,1,
festive,1,
feisty,1,
hundreds,1,
fairly,1,
active,1,
celebration,1,
dry,1,
uplifting,1,
inputting,1,
rests,1,
reports,1,
crap,1,
analysts,1,
floor,1,
intrigue,1,
appropriately,1,
fantastic,1,
mobility,1,
visibly,1,
roles,1,
poems,1,
punching,1,
glance,1,
total,1,
plot,1,
dna,1,
dispatches,1,
hungry,1,
negative,1,
bike,1,
passport,1,
interruption,1,
survive,1,
sermons,1,
supporters,1,
relay,1,
composite,1,
phone,1,
former,1,
excellent,1,
five-day,1,
midst,1,
pursue,1,
theories,1,
movies,1,
mp,1,
entertainer,1,
orignal,1,
defer,1,
squirting,1,
bisexuality,1,
software-defined,1,
foods,1,
reviewing,1,
counseling,1,
ones,1,
carriers,1,
travel,1,
drying,1,
drummer,1,
relative,1,
hop,1,
answer,1,
gamble,1,
mispronounce,1,
mess,1,
ladder,1,
customs,1,
understandable,1,
lesbian,1,
baseline,1,
amid,1,
modelcontroller,1,
candid,1,
green,1,
ultimate,1,
data-intensive,1,
reforming,1,
wine,1,
executed,1,
frontend,1,
feedback,1,
dirtiest,1,
consent,1,
satisfied,1,
abilities,1,
airventure,1,
benefited,1,
dwelling,1,
accent,1,
highlights,1,
recreational,1,
expectations,1,
persist,1,
demographics,1,
unfortunate,1,
prefer,1,
workout,1,
collide,1,
band,1,
represents,1,
pre-populated,1,
bunny,1,
explode,1,
clothed,1,
filling,1,
consolidate,1,
prohibit,1,
mombasawednesday,1,
enthusiasts,1,
independent,1,
stronger,1,
dedicated,1,
joined,1,
carry,1,
practising,1,
click-throughs,1,
contend,1,
ru,1,
drove,1,
driving,1,
realtime,1,
hooked,1,
ripping,1,
linear,1,
associate,1,
tops,1,
admits,1,
assures,1,
appointments,1,
whereupon,1,
corrects,1,
stereotypical,1,
immigrated,1,
client-server,1,
paves,1,
mvc,1,
oppose,1,
sentence,1,
viral,1,
meet,1,
lovable,1,
downside,1,
insulation,1,
spectra,1,
olds,1,
toy,1,
cost-effectiveness,1,
lawsuits,1,
approximately,1,
heights,1,
dons,1,
compromise,1,
bitter,1,
urban,1,
tool,1,
soul-searching,1,
rejected,1,
direct,1,
in-built,1,
wasted,1,
positively,1,
translating,1,
anxiety,1,
non-transferable,1,
spoil,1,
seated,1,
silly,1,
full-service,1,
brilliant,1,
prankster,1,
anybody,1,
talking,1,
manner,1,
adhd,1,
contents,1,
traditionally,1,
genuine,1,
soaked,1,
tutor,1,
predominantly,1,
sound,1,
causing,1,
laughed,1,
gotcha,1,
capitalization,1,
solidified,1,
simplify,1,
optimized,1,
regular,1,
organization,1,
phase,1,
consumed,1,
breathes,1,
competitors,1,
tech,1,
inspire,1,
contacted,1,
unified,1,
reductions,1,
retire,1,
sysmark,1,
subtle,1,
tempted,1,
cheaply,1,
resemblance,1,
ocd,1,
pursuing,1,
hoard,1,
above,1,
wide,1,
blur,1,
stop,1,
scalable,1,
yielded,1,
stol,1,
dw,1,
nasty,1,
autistic,1,
covering,1,
nicely,1,
licking,1,
reload,1,
harbors,1,
thanks,1,
blew,1,
decides,1,
fair,1,
observes,1,
firmware,1,
branding,1,
depends,1,
holding,1,
simultaneously,1,
activities,1,
hairbrush,1,
discovers,1,
drawn,1,
caves,1,
preserve,1,
warrior,1,
relatable,1,
rollercoaster,1,
extend,1,
dedication,1,
motto,1,
roller,1,
kitchen,1,
received,1,
responsiveness,1,
uncertainty,1,
against,1,
merging,1,
receiver,1,
argue,1,
tough,1,
pose,1,
betting,1,
humanoid,1,
initiative,1,
speak,1,
representational,1,
mvvm,1,
rack-style,1,
beer,1,
superhuman,1,
attacked,1,
concerning,1,
places,1,
substance,1,
catch,1,
aviation,1,
vinyasa,1,
chill,1,
east,1,
publicly,1,
sculpt,1,
v-string,1,
dissect,1,
strangest,1,
ventures,1,
neat,1,
aeroplane,1,
k,1,
launched,1,
cab,1,
metropolitan,1,
iq,1,
cant,1,
io,1,
hone,1,
demands,1,
debuted,1,
potentially,1,
babies,1,
evaluate,1,
content-delivery,1,
hang,1,
hand,1,
atwww,1,
animations,1,
insisted,1,
midsized,1,
butter,1,
shortly,1,
options,1,
orgasms,1,
deploys,1,
yours,1,
stringent,1,
proposed,1,
throttling,1,
ideas,1,
assigned,1,
single-strut-braced,1,
clamped,1,
campaign,1,
flooring,1,
fokvr,1,
collections,1,
failtuesday,1,
humanity,1,
deadly,1,
gave,1,
metaphorical,1,
objective,1,
birth,1,
destroy,1,
clickable,1,
apart,1,
population,1,
patience,1,
manual,1,
similarly,1,
broadcaster,1,
reams,1,
riches,1,
successfully,1,
scenarios,1,
shuttled,1,
hassle,1,
industries,1,
enemies,1,
phenomenal,1,
witty,1,
landscape,1,
easy-to-use,1,
predicting,1,
wmv,1,
blooper,1,
discount,1,
scarves,1,
filipino,1,
dollars,1,
afternoon,1,
runtime,1,
slightly,1,
considerations,1,
destination,1,
rollout,1,
obligate,1,
binding,1,
reducing,1,
fabric,1,
amazingly,1,
approximate,1,
reinvented,1,
quiet,1,
counterproductive,1,
innovators,1,
questionable,1,
battery,1,
wireless,1,
hear,1,
humiliate,1,
absent,1,
genealogy,1,
versions,1,
isabelleraven,1,
submitting,1,
unusually,1,
nerds,1,
promises,1,
computing,1,
nudity,1,
tournament,1,
covers,1,
enhancements,1,
believable,1,
mediocre,1,
posting,1,
nm,1,
dying,1,
whereas,1,
reality,1,
successful,1,
keynotes,1,
nr,1,
roll,1,
picture,1,
on-ramp,1,
mulling,1,
exported,1,
replacement,1,
weekend,1,
afford,1,
assume,1,
principledtechnologies,1,
subscription,1,
classmate,1,
serious,1,
lineup,1,
songs,1,
neighbors,1,
chain,1,
single-use,1,
deliveries,1,
switches,1,
mild,1,
manages,1,
hole,1,
retention,1,
policy-based,1,
anticipation,1,
freelance,1,
swoon,1,
father,1,
maincontroller,1,
retreat,1,
downloading,1,
string,1,
billionaire,1,
consolidation,1,
sappy,1,
masturbate,1,
cook,1,
bodyguard,1,
mb,1,
brother,1,
inauspicious,1,
all-purpose,1,
scaly,1,
round,1,
attracting,1,
spiritual,1,
occurrence,1,
porn,1,
affiliation,1,
heavyweight,1,
hospitalised,1,
takeoff,1,
cuddly,1,
port,1,
distaste,1,
purchasers,1,
appear,1,
pleased,1,
fashionistas,1,
temperatures,1,
supporting,1,
downloaded,1,
pause,1,
baseball,1,
bulge,1,
groups,1,
appears,1,
twist,1,
flames,1,
horrified,1,
proud,1,
trial,1,
ancient,1,
studies,1,
nubuck,1,
problematic,1,
merely,1,
multi-tasking,1,
disaster,1,
verge,1,
surroundings,1,
sky,1,
positive,1,
masturbating,1,
wondering,1,
criteria,1,
wanting,1,
scratched,1,
endorsing,1,
streamlined,1,
refrain,1,
chocolate,1,
fuel,1,
slither,1,
fly,1,
lowercase,1,
graphic,1,
cas,1,
soul,1,
believes,1,
wallet,1,
labeled,1,
arrive,1,
laughter,1,
portals,1,
nursing,1,
unbundling,1,
predict,1,
attribute,1,
awesome,1,
sph,1,
heard,1,
incremental,1,
refine,1,
confuses,1,
androidone,1,
lf,1,
thanking,1,
endorsement,1,
grossed,1,
map,1,
critics,1,
rm,1,
southern,1,
stress,1,
natural,1,
maybe,1,
tag-team,1,
fluent,1,
cascade,1,
pulled,1,
unmasked,1,
typical,1,
cute,1,
breaking,1,
undervalued,1,
soc,1,
stability,1,
in-store,1,
penetrate,1,
argued,1,
dilemma,1,
cold,1,
tendency,1,
blocked,1,
revenge,1,
low-fat,1,
monitor,1,
internationally,1,
creations,1,
celebrate,1,
texas,1,
noh,1,
halt,1,
killer,1,
processes,1,
introduce,1,
interview,1,
redandwild,1,
half,1,
thus,1,
equality,1,
warmlyyours-giveaway,1,
momma,1,
possibilities,1,
quarter,1,
quartet,1,
retrieve,1,
unlock,1,
catching,1,
sponsor,1,
entering,1,
distributor,1,
worried,1,
shown,1,
container,1,
intercourse,1,
factory,1,
transforming,1,
protections,1,
assurance,1,
monster,1,
hefty,1,
million,1,
home-world,1,
pumping,1,
proponents,1,
interoperate,1,
org,1,
inevitable,1,
contemplation,1,
tomahawk,1,
impose,1,
calories,1,
honest,1,
virginity,1,
saving,1,
product-eulas,1,
bed,1,
commissioners,1,
vote,1,
affords,1,
engineer,1,
sheep,1,
sheet,1,
district,1,
structured,1,
weekdays,1,
encourages,1,
draft,1,
millions,1,
bounty,1,
cost-effective,1,
structures,1,
filter,1,
anus,1,
eyes,1,
circulated,1,
flowery,1,
husband-battered,1,
specify,1,
boyfriend,1,
professionals,1,
mysql,1,
recruit,1,
monopolies,1,
alleged,1,
outcome,1,
lick,1,
alley,1,
plunge,1,
speakers,1,
efficient,1,
editing,1,
equipment,1,
ideal,1,
animation,1,
resembling,1,
urge,1,
invasions,1,
betrayal,1,
importantly,1,
implications,1,
senior,1,
salt,1,
reassurance,1,
unmistakable,1,
shot,1,
discovered,1,
therapist,1,
shoe,1,
aggressive,1,
ground,1,
zombie,1,
dick,1,
tree-like,1,
awareness,1,
correctly,1,
contracts,1,
tailor,1,
squirrels,1,
progress,1,
high-quality,1,
reveal,1,
resource,1,
artist,1,
self-indulgence,1,
naked,1,
jokes,1,
embassy,1,
doggy-style,1,
finishing,1,
enjoyed,1,
mobi,1,
comparable,1,
connections,1,
college,1,
role-play,1,
aroused,1,
back-end,1,
encouraged,1,
planet,1,
fails,1,
leaning,1,
ladie,1,
useful,1,
faded,1,
flow,1,
killing,1,
guitar,1,
adept,1,
real-life,1,
blame,1,
installation,1,
talented,1,
successes,1,
reasonableness,1,
wide-ranging,1,
enabling,1,
call-up,1,
wheels,1,
nearby,1,
storing,1,
venues,1,
inexpensively,1,
medication,1,
learning,1,
joi,1,
skeletons,1,
considering,1,
combines,1,
capable,1,
encryption,1,
blueprint,1,
vacation,1,
jerks,1,
dependable,1,
rancher,1,
hardly,1,
disclosed,1,
lanes,1,
graveyard,1,
reaction,1,
offered,1,
journalistic,1,
external,1,
asks,1,
realities,1,
developing,1,
compile,1,
cast,1,
promising,1,
walletpay,1,
alcoholic,1,
characteristics,1,
engaged,1,
sleeping,1,
middle,1,
drug,1,
heels,1,
wisely,1,
bags,1,
newbies,1,
arguments,1,
coworkers,1,
sucker,1,
spot-on,1,
case-by-case,1,
closest,1,
enjoyment,1,
emoitional,1,
companion,1,
producers,1,
bulletproof,1,
ancestors,1,
attributes,1,
totally,1,
vowed,1,
squatter,1,
longing,1,
era,1,
bondage,1,
charger,1,
ranch,1,
magical,1,
melodramatic,1,
unimagined,1,
heaps,1,
summer,1,
resolution,1,
pillow-shaped,1,
hopeful,1,
weekly,1,
blow,1,
downright,1,
clueless,1,
deceiving,1,
complain,1,
setting,1,
poised,1,
careers,1,
desperately,1,
clarify,1,
calendars,1,
mov,1,
gonna,1,
dark,1,
unedited,1,
traffic,1,
preference,1,
repatriation,1,
confined,1,
vanished,1,
championing,1,
proponent,1,
annually,1,
passionate,1,
well-received,1,
kayaking,1,
brandyou,1,
existing,1,
mcgraw-hill,1,
pronounce,1,
eyelets,1,
neihter,1,
capability,1,
riveting,1,
memories,1,
cut,1,
recorded,1,
overly,1,
non-profit,1,
doggy,1,
unsuccessfully,1,
caring,1,
intimate,1,
equivalent,1,
stepbrother,1,
unusual,1,
slaughter,1,
notably,1,
broken,1,
machine-generated,1,
mensturating,1,
stereotypes,1,
manufactures,1,
central,1,
meal,1,
practical,1,
tariffs,1,
ladies,1,
inserts,1,
ucla,1,
variable,1,
references,1,
lively,1,
strip,1,
microprocessors,1,
cared,1,
legacy,1,
removing,1,
voice-over-internet,1,
handcuffed,1,
cats,1,
anthology,1,
exceptional,1,
tone,1,
storytellers,1,
genocidal,1,
shapers,1,
destinies,1,
ended,1,
survived,1,
antiquated,1,
happier,1,
pull,1,
three-bladed,1,
applying,1,
celebrating,1,
comics,1,
appliance,1,
breath,1,
rags,1,
sadness,1,
dirty,1,
gone,1,
butthole,1,
abusers,1,
deep,1,
general,1,
reliability,1,
mid-orgasm,1,
walks,1,
lifetime,1,
completeness,1,
type-a,1,
lifestyle,1,
forcing,1,
gaining,1,
sharing,1,
wounds,1,
recognise,1,
spouse,1,
awkwardly,1,
pool,1,
fiscal,1,
hugely,1,
embracing,1,
pointing,1,
sunk,1,
thoughtful,1,
modernizing,1,
adhere,1,
children,1,
causes,1,
apartment,1,
tx,1,
tv,1,
hetero,1,
tj,1,
fizzled,1,
high-fiber,1,
lawmakers,1,
mpg,1,
laws,1,
osu,1,
horror,1,
faq,1,
moderation,1,
psychologist,1,
fan,1,
treating,1,
mittens,1,
anal,1,
flick,1,
quicker,1,
instagram,1,
occupations,1,
sync,1,
battle,1,
titles,1,
perspective,1,
nbc,1,
returned,1,
pinterest,1,
deeply,1,
emotions,1,
hasn,1,
hash,1,
estate,1,
ma,1,
empower,1,
ballet,1,
strata,1,
databases,1,
tragedy,1,
fantasies,1,
houses,1,
inspired,1,
compliance,1,
prior,1,
deepthroat,1,
splashes,1,
headache,1,
dire,1,
grandfathering,1,
indoors,1,
volt-example,1,
familiar-looking,1,
establish,1,
timebeing,1,
bipartisan,1,
midsole,1,
fall,1,
minor,1,
grabbing,1,
mobilemark,1,
tested,1,
town,1,
policemen,1,
nine,1,
wrestler,1,
obtain,1,
history,1,
purchaser,1,
swinging,1,
accept,1,
wal-mart,1,
protects,1,
airplane,1,
interconnect,1,
botanist,1,
https,1,
jerk,1,
awkward,1,
smsf,1,
automatic,1,
transfers,1,
speeding,1,
occur,1,
speedy,1,
profiting,1,
explains,1,
creature,1,
portray,1,
ft,1,
communicating,1,
emulate,1,
sneak,1,
connectivity,1,
director,1,
backyard,1,
proclaimed,1,
recipe,1,
anytime,1,
responsibility,1,
dread,1,
element,1,
conversation,1,
paper,1,
filters,1,
staunch,1,
developer,1,
licks,1,
individuals,1,
messes,1,
self-aware,1,
hurting,1,
generously,1,
racoons,1,
seeking,1,
gadget,1,
hunter,1,
cei,1,
anticipated,1,
units,1,
motivates,1,
ces,1,
formulating,1,
adventurous,1,
erection,1,
pregnant,1,
suprise,1,
refresh,1,
yearns,1,
courses,1,
stopped,1,
sk,1,
die,1,
repeating,1,
beleiveable,1,
friendship,1,
meshes,1,
begged,1,
transform,1,
capitalized,1,
energy,1,
fixture,1,
initiatives,1,
divide,1,
linens,1,
publish,1,
issue,1,
occurs,1,
drink,1,
earns,1,
favored,1,
sparked,1,
extraordinary,1,
teach,1,
thrown,1,
owners,1,
tap,1,
showertime,1,
noted,1,
conducted,1,
threat,1,
leading,1,
assign,1,
mt-propeller,1,
instances,1,
gripping,1,
firsts,1,
miss,1,
ecommerce,1,
fearing,1,
heads,1,
utilization,1,
divorce,1,
interviews,1,
smoother,1,
construct,1,
wonderful,1,
ton,1,
energized,1,
obsolete,1,
worrying,1,
stifle,1,
stirs,1,
hundred,1,
compliments,1,
widened,1,
anticipate,1,
youtu,1,
hinted,1,
determined,1,
supposed,1,
stress-free,1,
motivation,1,
syncing,1,
shrewd,1,
juice,1,
blond,1,
confirms,1,
vulnerable,1,
speaking,1,
lib,1,
depending,1,
discounts,1,
middlemen,1,
recognizing,1,
lifts,1,
populous,1,
province,1,
towards,1,
exec,1,
chart,1,
react,1,
strongest,1,
funnier,1,
devastated,1,
concessions,1,
weigh,1,
joining,1,
stones,1,
programming,1,
stunned,1,
obligations,1,
coaster,1,
costing,1,
service-updates,1,
giant,1,
charcters,1,
suited,1,
dependent,1,
financing,1,
cheaper,1,
feels,1,
shared,1,
workouts,1,
aes,1,
dropshipped,1,
bars,1,
enabled,1,
startup,1,
depth-sensing,1,
signups,1,
culture,1,
plummeted,1,
fellow,1,
definitely,1,
knees,1,
visualize,1,
spirits,1,
mine,1,
readme,1,
leveraging,1,
compliment,1,
unconscious,1,
targeted,1,
dividends,1,
renewed,1,
distinguish,1,
hundred-dollar,1,
curated,1,
barely,1,
fame,1,
became,1,
context,1,
long-term,1,
finds,1,
visionaries,1,
indecent,1,
loan,1,
manners,1,
improper,1,
backend,1,
ensures,1,
record-low,1,
acceptance,1,
resellers,1,
buisness,1,
pa,1,
ocean,1,
decades-old,1,
generating,1,
champion,1,
sending,1,
displays,1,
transferring,1,
precision,1,
fund,1,
pricey,1,
extensive,1,
funk,1,
intriguing,1,
bill,1,
tolerate,1,
sexuality,1,
formats,1,
animated,1,
flees,1,
acquaintance,1,
awarding-winning,1,
century,1,
wherever,1,
calculator,1,
therefor,1,
encountered,1,
reads,1,
itself,1,
fandom-related,1,
acquires,1,
aches,1,
decor,1,
alpop,1,
virtually,1,
esteemed,1,
yoga,1,
cumming,1,
mortifying,1,
paths,1,
bonus,1,
banter,1,
gray-aromantic,1,
ponder,1,
flows,1,
flown,1,
attractive,1,
realm,1,
knack,1,
nickname,1,
implement,1,
lower,1,
panelling,1,
redesigned,1,
spent,1,
picks,1,
cheer,1,
convenient,1,
y,1,
chemistry,1,
listening,1,
cringe-worthy,1,
shivering,1,
settlements,1,
db,1,
shape,1,
indexes,1,
cup,1,
chest,1,
internal,1,
deliberately,1,
violations,1,
hates,1,
sprinted,1,
bio,1,
format,1,
revenue,1,
moods,1,
xxxx,1,
submission,1,
run-of-the-mill,1,
mirror,1,
nipple,1,
gardening,1,
brakes,1,
often-transparent,1,
creation,1,
bounce,1,
streaming,1,
lips,1,
redefining,1,
modernize,1,
ourselves,1,
kevinbrandall,1,
contacts,1,
decision,1,
shall,1,
seller,1,
efficiencies,1,
compute,1,
lowest,1,
inconvenience,1,
clay,1,
refused,1,
refuses,1,
plots,1,
scavengers,1,
handled,1,
mixed-race,1,
faith,1,
corpse,1,
coexist,1,
practiced,1,
idc,1,
silence,1,
recommended,1,
resiliency,1,
significant,1,
garbage,1,
hometown,1,
awaited,1,
servers,1,
impressed,1,
entitlement,1,
possums,1,
besieged,1,
indoor,1,
occupy,1,
vendors,1,
scared,1,
opens,1,
emotionally-advanced,1,
himself,1,
invite,1,
servicemembers,1,
slums,1,
boys,1,
properly,1,
newer,1,
deployed,1,
info,1,
intuitive,1,
fulfilling,1,
liveable,1,
dom,1,
planes,1,
exposures,1,
popularity,1,
constant,1,
introducing,1,
defined,1,
nighttime,1,
fashionista,1,
e-mails,1,
engineering,1,
diverse,1,
initial,1,
journalists,1,
codes,1,
adjudicate,1,
amounts,1,
fixing,1,
peace,1,
fears,1,
bodybuilder,1,
occasional,1,
politicians,1,
in-game,1,
kidz-us,1,
confine,1,
draw,1,
favourite,1,
problems,1,
helping,1,
sides,1,
youtube,1,
walked,1,
institutions,1,
high-priority,1,
narrative,1,
dawning,1,
advisory,1,
issued,1,
slick,1,
alien,1,
penis,1,
contributions,1,
seemed,1,
outperforming,1,
integral,1,
peanut,1,
concerned,1,
differing,1,
friendly,1,
analingus,1,
garden,1,
unstructured,1,
squirt,1,
tonal,1,
grey,1,
underscores,1,
excessive,1,
optics,1,
rack,1,
extras,1,
logistics,1,
smaller,1,
pledge,1,
destroys,1,
wrestling,1,
sensation,1,
recruitment,1,
imply,1,
furry,1,
intel-product-performance,1,
depression,1,
victor,1,
speckle,1,
expressed,1,
waiting,1,
apologize,1,
microprocessor,1,
focuses,1,
led,1,
cozy,1,
mistake,1,
pushing,1,
analysed,1,
objects,1,
separation,1,
sexy,1,
survivor,1,
larger,1,
paranoid,1,
climb,1,
involves,1,
wig,1,
writer,1,
win,1,
crazy,1,
addressed,1,
resolutions,1,
sermon,1,
illegal,1,
seamless,1,
bi,1,
doubt,1,
examination,1,
stage,1,
popped,1,
condom,1,
becomes,1,
virtualize,1,
benchmark,1,
reloads,1,
train,1,
promotional,1,
iii,1,
charity,1,
defines,1,
portability,1,
room-based,1,
thin,1,
island,1,
reserved,1,
lock,1,
smartphone,1,
hit,1,
fearsome,1,
analytics-driven,1,
daring,1,
struggles,1,
delay,1,
stand,1,
fare,1,
blocks,1,
attend,1,
pretexts,1,
specifications,1,
notebook,1,
monitoring,1,
fray,1,
assassin,1,
relations,1,
manpower,1,
concern,1,
guru,1,
robot,1,
meditate,1,
all-new,1,
in-house,1,
interpreted,1,
alacrity,1,
rendered,1,
lunchbox,1,
bunch,1,
polyfiber,1,
backers,1,
mental,1,
sounds,1,
go-rounds,1,
outshone,1,
designs,1,
crash,1,
descendants,1,
outlined,1,
interstellar,1,
mention,1,
garner,1,
handy,1,
stunts,1,
february,1,
subsidiaries,1,
edit,1,
glaad,1,
slipping,1,
experienced,1,
inbox,1,
profile,1,
cry,1,
thwart,1,
beginner,1,
globe,1,
constitute,1,
society,1,
thrusts,1,
highest-rated,1,
witness,1,
mcmahon,1,
boutique,1,
ejaculate,1,
enforceable,1,
behaviours,1,
activist,1,
thriving,1,
adaptive,1,
windsurfing,1,
activity,1,
transfer,1,
evangelism,1,
translationary,1,
sustainability,1,
dubbed,1,
chilly,1,
retain,1,
discussions,1,
austin,1,
scare,1,
flyers,1,
extrude,1,
improving,1,
improvements,1,
reached,1,
owning,1,
destinations,1,
playlist,1,
stocking,1,
bears,1,
unknown,1,
ankle,1,
rated,1,
painful,1,
interests,1,
plight,1,
policy-driven,1,
shelf,1,
intentional,1,
proposals,1,
reflecting,1,
congenital,1,
colleagues,1,
aspiration,1,
aggressor,1,
lion,1,
freewebs,1,
behaviors,1,
co-written,1,
partnership,1,
asics,1,
gentle,1,
torment,1,
unlikely,1,
facing,1,
unbearable,1,
documents,1,
studying,1,
agency,1,
mid,1,
parks,1,
dilemmas,1,
techniques,1,
pharmacist,1,
accuracy,1,
thinkers,1,
unless,1,
dubs,1,
theeiu,1,
peek,1,
volume,1,
deny,1,
allocation,1,
saddest,1,
undeniable,1,
enthusiastic,1,
looked,1,
gesture,1,
workspace,1,
nailed,1,
brew,1,
normally,1,
goals,1,
affair,1,
entertain,1,
agreed,1,
anyway,1,
unbelievable,1,
bedroom,1,
fear,1,
decade,1,
cache,1,
bases,1,
self-managed,1,
riding,1,
amplify,1,
gimmicks,1,
beat,1,
overall,1,
lucky,1,
joint,1,
leper,1,
beak,1,
tactics,1,
wordy,1,
endless,1,
evolution,1,
helpers,1,
tolerance,1,
grab,1,
fixed,1,
superstars,1,
requirement,1,
national,1,
deejay,1,
differs,1,
powder,1,
invisibly,1,
walking,1,
superhero,1,
timeliness,1,
intending,1,
superb,1,
initially,1,
panty,1,
closed,1,
understood,1,
mainly,1,
pants,1,
nudged,1,
javascript,1,
importance,1,
joy,1,
efficiency,1,
approval,1,
configuration,1,
problem,1,
mongod,1,
slip-cover,1,
baubles,1,
freely,1,
attributed,1,
succeed,1,
grain,1,
puff,1,
relevant,1,
neukolln,1,
teasing,1,
marketplace,1,
cd,1,
variety,1,
laugh,1,
dividend,1,
flourishing,1,
copies,1,
relying,1,
outlaws,1,
immense,1,
json,1,
agreements,1,
extemist,1,
stationed,1,
sufficient,1,
thrusting,1,
full-time,1,
homes,1,
laser,1,
asexual,1,
entrepreneurial,1,
owns,1,
wild,1,
realsense,1,
cvd,1,
helper,1,
macalisiter,1,
avp,1,
surface,1,
lust,1,
vs,1,
avi,1,
dual,1,
disclosures,1,
sits,1,
parent,1,
capture,1,
perhaps,1,
eclectic,1,
caters,1,
novels,1,
effect,1,
coaches,1,
expand,1,
quicklycomes,1,
audit,1,
aims,1,
sets,1,
recasting,1,
drawing,1,
riveted,1,
attractively,1,
aspirations,1,
marauding,1,
advertised,1,
protecting,1,
high-grade,1,
flee,1,
headed,1,
logged,1,
ski,1,
match,1,
optimizations,1,
mnburgess,1,
dryer,1,
propeller,1,
sizes,1,
trillion,1,
club,1,
sized,1,
hosts,1,
surgery,1,
agents,1,
full-on,1,
likes,1,
accessible,1,
passerby,1,
growth,1,
flush,1,
proper,1,
transport,1,
afterword,1,
lead,1,
demonstrates,1,
leap,1,
passion,1,
masked,1,
debuts,1,
real-world,1,
journal,1,
tier-one,1,
consuming,1,
slut,1,
stellar,1,
marketable,1,
bookmarking,1,
paste,1,
swept,1,
panel,1,
motorboated,1,
evoke,1,
stab,1,
tongue,1,
documentary,1,
unsustainable,1,
corporate-bond,1,
tackle,1,
lawful,1,
additions,1,
fraud,1,
bikes,1,
convicted,1,
resell,1,
reword,1,
chatting,1,
hp,1,
sequel,1,
helpful,1,
squeeze,1,
anonymous,1,
hd,1,
count,1,
tossed,1,
evident,1,
ecosystem,1,
metsfan,1,
hosting,1,
chipset,1,
ex,1,
penetrating,1,
preaching,1,
horrific,1,
whatever,1,
slowing,1,
withstand,1,
beats,1,
ink,1,
compared,1,
corporation,1,
sick,1,
behold,1,
junk,1,
heart-monitoring,1,
ultimately,1,
bundle,1,
toasty,1,
wrenching,1,
rural,1,
mastermind,1,
ghost,1,
prevalent,1,
ease-of-use,1,
factors,1,
persistent,1,
javascript-based,1,
determination,1,
